{"cameraMode":{"drawMode":0,"name":"Shaded","section":"Shading Mode"},"sceneLighting":false,"audioPlay":false,"sceneViewState":{"showFog":true,"showMaterialUpdate":false,"showSkybox":false,"showFlares":true,"showImageEffects":true,"showParticleSystems":true},"in2DMode":false,"pivot":{"x":0.001312255859375,"y":0.5173608064651489,"z":0.0003490149974822998},"rotation":{"x":-0.13970479369163514,"y":-0.6385733485221863,"z":0.11937957257032395,"w":-0.747330367565155},"size":2.891000747680664,"orthographic":false}