{"cameraMode":{"drawMode":0,"name":"Shaded","section":"Shading Mode"},"sceneLighting":false,"audioPlay":false,"sceneViewState":{"showFog":true,"showMaterialUpdate":false,"showSkybox":false,"showFlares":true,"showImageEffects":true,"showParticleSystems":true},"in2DMode":false,"pivot":{"x":1.018234372138977,"y":-0.328884094953537,"z":-1.8417513370513917},"rotation":{"x":0.006727040279656649,"y":0.9546704888343811,"z":-0.2972053587436676,"w":0.020768269896507264},"size":11.202008247375489,"orthographic":false}