{"cameraMode":{"drawMode":0,"name":"Shaded","section":"Shading Mode"},"sceneLighting":false,"audioPlay":false,"sceneViewState":{"showFog":true,"showMaterialUpdate":false,"showSkybox":false,"showFlares":true,"showImageEffects":true,"showParticleSystems":true},"in2DMode":false,"pivot":{"x":-0.0695033073425293,"y":-0.09419989585876465,"z":-0.10559868812561035},"rotation":{"x":0.28862205147743227,"y":0.326668381690979,"z":-0.10540721565485,"w":0.8938356041908264},"size":4.850409507751465,"orthographic":false}