{"cameraMode":{"drawMode":0,"name":"Shaded","section":"Shading Mode"},"sceneLighting":false,"audioPlay":false,"sceneViewState":{"showFog":true,"showMaterialUpdate":false,"showSkybox":true,"showFlares":true,"showImageEffects":true,"showParticleSystems":true},"in2DMode":false,"pivot":{"x":380.73944091796877,"y":-7.354125022888184,"z":359.9606018066406},"rotation":{"x":-0.010751024819910527,"y":-0.9806681871414185,"z":0.051695775240659717,"w":-0.1893986314535141},"size":91.17636108398438,"orthographic":false}