{"cameraMode":{"drawMode":0,"name":"Shaded","section":"Shading Mode"},"sceneLighting":false,"audioPlay":false,"sceneViewState":{"showFog":true,"showMaterialUpdate":false,"showSkybox":false,"showFlares":true,"showImageEffects":true,"showParticleSystems":true},"in2DMode":false,"pivot":{"x":7.392069339752197,"y":-2.1440234184265138,"z":2.0728461742401125},"rotation":{"x":-0.10225000232458115,"y":-0.5922513008117676,"z":0.07610258460044861,"w":-0.7956181168556213},"size":11.28487491607666,"orthographic":false}