{"cameraMode":{"drawMode":0,"name":"Shaded","section":"Shading Mode"},"sceneLighting":false,"audioPlay":false,"sceneViewState":{"showFog":true,"showMaterialUpdate":false,"showSkybox":true,"showFlares":true,"showImageEffects":true,"showParticleSystems":true},"in2DMode":false,"pivot":{"x":346.5827941894531,"y":-3.4141597747802736,"z":437.0242004394531},"rotation":{"x":0.013785810209810734,"y":-0.9314215779304504,"z":0.36213985085487368,"w":0.0359688438475132},"size":21.639373779296876,"orthographic":false}