{"cameraMode":{"drawMode":0,"name":"Shaded","section":"Shading Mode"},"sceneLighting":false,"audioPlay":false,"sceneViewState":{"showFog":true,"showMaterialUpdate":false,"showSkybox":false,"showFlares":true,"showImageEffects":true,"showParticleSystems":true},"in2DMode":false,"pivot":{"x":1.5896155834197999,"y":3.144284248352051,"z":-1.1068496704101563},"rotation":{"x":-0.14708656072616578,"y":0.8524319529533386,"z":-0.34344086050987246,"w":-0.36635544896125796},"size":5.249285697937012,"orthographic":false}